{"cameraMode":{"drawMode":0,"name":"Shaded","section":"Shading Mode"},"sceneLighting":false,"audioPlay":false,"sceneViewState":{"showFog":true,"showMaterialUpdate":true,"showSkybox":true,"showFlares":true,"showImageEffects":true,"showParticleSystems":true},"in2DMode":false,"pivot":{"x":-0.001700000837445259,"y":-0.5593000054359436,"z":1.8996999263763428},"rotation":{"x":-0.27407869696617129,"y":-0.03403932973742485,"z":0.009707166813313961,"w":-0.9610556960105896},"size":3.367033004760742,"orthographic":false}