{"cameraMode":{"drawMode":0,"name":"Shaded","section":"Shading Mode"},"sceneLighting":false,"audioPlay":false,"sceneViewState":{"showFog":true,"showMaterialUpdate":true,"showSkybox":true,"showFlares":true,"showImageEffects":true,"showParticleSystems":true},"in2DMode":false,"pivot":{"x":1.478501319885254,"y":0.38303184509277346,"z":20.22093963623047},"rotation":{"x":-0.27407869696617129,"y":-0.03403932973742485,"z":0.009707166813313961,"w":-0.9610556960105896},"size":8.173752784729004,"orthographic":false}