{"cameraMode":{"drawMode":0,"name":"Shaded","section":"Shading Mode"},"sceneLighting":true,"audioPlay":false,"sceneViewState":{"showFog":true,"showMaterialUpdate":true,"showSkybox":true,"showFlares":true,"showImageEffects":true,"showParticleSystems":true},"in2DMode":false,"pivot":{"x":-0.4360302686691284,"y":0.6511390209197998,"z":20.609521865844728},"rotation":{"x":-0.27407869696617129,"y":-0.03403932973742485,"z":0.009707166813313961,"w":-0.9610556960105896},"size":5.838298320770264,"orthographic":false}