{"cameraMode":{"drawMode":0,"name":"Shaded","section":"Shading Mode"},"sceneLighting":false,"audioPlay":false,"sceneViewState":{"showFog":true,"showMaterialUpdate":true,"showSkybox":true,"showFlares":true,"showImageEffects":true,"showParticleSystems":true},"in2DMode":false,"pivot":{"x":-0.05171024799346924,"y":-0.7757751941680908,"z":1.8078839778900147},"rotation":{"x":-0.27407869696617129,"y":-0.03403932973742485,"z":0.009707166813313961,"w":-0.9610556960105896},"size":2.2308192253112795,"orthographic":false}